,0,1,2,3,4,5,6,7,8,9,10,11,12,13,14,15,16,17,18,19,20,21,22,23,24,25,26,27,28,29,30,31,32,33,34,35,36,37,38,39,40,41,42,43,44,45,46,47,48,49,50,51,52,53,54,55,56,57,58,59,60,61,62,63,64,65,66,67,68,69,70,71,72,73,74,75,76,77,78,79,80,81,82,83,84,85,86,87,88,89,90,91,92,93,94,95,96,97,98,99,100,101,102,103,104,105,106,107,108,109,110,111,112,113,114,115,116,117,118,119,120,121,122,123,124,125,126,127,128,129,130,131,132,133,134,135,136,137,138,139,140,141,142,143,144,145,146,147,148,149,150,151,152,153,154,155,156,157,158,159,160,161,162,163,164,165,166,167,168,169,170,171,172,173,174,175,176,177,178,179,180,181,182,183,184,185,186,187,188,189,190,191,192,193,194,195,196,197,198,199,200
0,0.822729839929546,0.7428363957279625,1.0165518475021051,0.39011025343574723,1.1043406686740314,1.1180110019243565,0.5037742022305071,1.1155993502271393,1.03435682858786,0.9604253805097365,0.9667745838646835,1.0228973229546503,0.49556818836230043,1.119380328293588,1.1664175170242834,0.9051676223468493,1.2624152589901303,0.891602125772808,1.183149785011577,0.5508693599127313,0.8987711945423227,0.5142654752968643,1.0707829423197603,0.7529909901861214,0.7681789685145779,0.9800459353419206,1.1422330246087844,1.2117153255966815,0.44282453693642854,1.0994847379031099,0.47291134929676204,1.2002142782910634,0.6647961489181301,1.0590286128893887,1.2680729309983716,0.8804578500441598,1.0177239398784907,1.0139176688148104,1.0107674031810465,1.1881191768699289,0.9697772427063693,1.0615631566186048,0.7363798609880406,1.0226101856130376,1.0965648222678395,0.5393793022642508,0.8296193035788655,0.7022641298276202,0.49659758267335996,0.5333568637731095,1.0433759150288222,0.8559295035306731,0.6458576883992505,0.8769013841316062,0.5698389380686064,0.9378065853331682,0.45288663032944454,0.9119754131314544,0.7063305965097006,1.0357833898742663,0.9782535967928427,1.1295723566787983,1.2913677293903087,0.903434813401112,0.8503346279269123,1.0127502940714797,1.1238424719143953,0.9767393216833926,1.1201778365297197,1.1573472504627655,0.6606238893755748,0.30515504086734563,1.366088153227006,0.9014320414865664,0.6410418411414802,1.1947013173606744,0.4564607182874016,0.6036061491989348,0.9470715252309557,0.8224730134818472,0.921675607979191,1.0200518171747737,0.5883451794898182,0.5135076993634106,0.9370211831906381,1.0361719278507517,0.4079176223700858,0.715462675151907,0.5652694712972317,0.597835790985392,0.6503379296176401,0.9124473881992667,0.8550125035312521,0.4955756785248432,1.0563842187918626,0.8103470141576452,1.1400249736701484,0.965286414783749,1.0951285593748534,0.6256402479446458,0.9168567920719756,0.7710383073701763,0.6554474631788594,1.128126733625226,0.7814566897740185,1.0642490532958753,0.8707256837427202,0.7437558112301144,0.8847480179577221,0.9857451236639008,1.2746998707985542,0.9908030062021097,1.1607332893013744,0.9115290016748574,0.787761656376536,0.7729191222336218,0.8713186659163665,1.0142644440959028,1.0078964523336182,0.44499344533696494,1.0427365117108685,0.5494041403856549,1.1554274647834983,1.3259594258222984,1.2895665098838704,1.012944680554609,1.4104592561756002,1.1122987868686147,1.2527229334372665,1.1849996964317915,1.0068379049984548,0.5623267683643043,0.3088146469364267,1.1099175196759066,0.5755739142744815,1.0185404602392574,0.5626643255691675,0.7624464013670104,1.0275356548479708,1.0322270260755697,0.7610088449065124,0.868382089020675,0.6197420463499674,0.4927772774561637,0.6902651530850235,0.9318489044110931,1.1786386051220998,0.6456275445967,0.9056424098514658,1.1610642664920248,1.23342884495229,0.9534543379829977,0.9978988201193426,1.2325879965480577,0.6865517532759846,0.9722742320121048,0.8398545103576518,1.001492659170743,1.00541548522718,1.0369119888454499,1.2195430371445524,1.0910107089826837,0.9363791050437326,1.062198631686542,1.2494020021070664,0.8753333030077459,0.9197426551916237,0.8431970530651975,0.5632804988098791,1.0575408074915216,1.1641254997419117,0.9703644895640651,0.9717911899566631,0.44990143465549454,1.015362786081067,1.1027146202484013,1.0011783422633254,1.2288918645058051,0.968532904234997,1.0786530138299422,0.7466419850227624,0.925503835431366,0.7661462659993075,0.5757943389941576,0.8861942580449302,1.0310644753789528,0.696551309864087,0.945948135624177,0.7659387330965389,0.8608594341881538,1.0620162666357726,0.7878709018394643,0.6006557364309135,0.959385332372452,0.9527546336156665,1.1035915004438799,1.1229243248012197,0.749519299648773,1.088467751950213,1.189144912931178,1.0069221425829051
1,0.5521417605018101,0.7263442252513127,0.9543811172511244,1.0852648521426957,1.1656067025303805,0.961204899485065,1.1127931836977356,1.1644231223306822,1.1339192938078566,0.8206445666070068,0.9223471002743404,0.8418396201886857,0.8490116616071477,1.1439658078839918,1.1756570664061836,0.7676901094832211,0.98984908875827,0.8313390534934061,1.1544556585860193,1.023811251285725,1.1838320757159537,1.2204998721790838,1.1881344805126868,1.1797325081793248,1.1972242144114702,1.1780212423607042,0.9053422976871051,1.164933630029659,0.8327903169145225,1.1191710764529348,1.0750721995598083,1.1120715149364897,1.157088988069881,0.994618154844614,1.1886528202554232,1.150448127637386,1.1884242013321913,1.1982993686171812,1.182517724717635,1.2084335146460572,1.1577801414584266,1.1257692067601897,1.1906092329642246,1.2100554738314022,1.1927735481643071,1.2265144502336833,1.1970484748267416,0.5475267353616183,0.6189271001380183,0.7776999320949799,0.5442539499000942,1.1314843852651357,0.8319468778826096,1.0675194012223093,1.1293080692025896,1.038235146129476,1.217208554277918,0.8057776512919799,1.0409624361644818,0.9697452293335403,0.8934636665501088,1.174585601112645,1.1481489759236323,0.6735143095152283,0.4991868061711269,0.5870110944060021,1.0010553723803979,1.139582334959063,0.4424228033575423,1.2264605015310832,0.6802226922935246,0.3779207250879222,1.2931497463763761,0.7786500026676925,0.877264726046791,1.208135636781555,0.991850915843932,0.5634273694284928,0.8555321294510773,0.9894438938698282,0.9055277961173376,0.9364105330982592,0.5561810062769142,1.165682338577312,0.9064326222223673,1.0825744633342942,1.0244878426805786,0.7738617026805522,0.5752943796455862,0.8335018039164459,0.7994464748743116,0.7369811433442881,0.4155564260389981,0.427236098012972,0.9543948621139053,1.1134156088678988,1.0072248339252403,1.023785306658251,1.0332160920213433,0.6731993395722562,1.0366223822114111,0.5069664089847437,0.6602223882072605,1.2659600864461416,0.8353940485645914,1.0026815136291143,1.1412923237763186,0.7375555033582567,0.9428833640299303,0.9571998342276521,1.161216332333824,1.0180591841177455,1.17561252307215,0.9991175657569231,1.0478192481400415,0.916511406748534,0.6529236867786946,1.039538925563516,0.9722195706966839,1.102080259275808,1.0901202036553168,0.6469986018964887,1.2004370635820425,1.357599763983071,1.3865580265461097,1.1034187726684457,1.251357949129903,0.2750692977538564,0.6634749797825245,1.2934966056481276,0.9389758540415223,0.50236230155897,0.7098536041978357,0.3437727741316122,1.0863428703731266,1.311425767140022,0.8956443796307015,0.5015040246096274,1.2116386764333518,0.9012345646455096,0.555925503931441,1.1757790266069705,0.48021478059689854,0.5373549169629794,0.6764348496091941,0.41006748418180894,1.3220262253950175,0.8550587266845833,0.7292807885672018,1.3093962929500935,1.1456637233285394,1.5202844792080694,0.702809556153961,1.2641452610904702,0.7465975532037891,1.112683994034142,0.9150193329593312,0.9682913512879072,1.1598098356442321,0.4859950946200945,1.2122945350167686,1.2656204181365749,1.2058926335382218,0.618050803424945,1.146946553282865,1.1680504744471398,1.3054360022563039,1.2472938516314298,1.2480286227717157,1.5050697274108433,1.3018801190874452,1.3288390985899055,1.3689715931581934,1.275656830020002,0.33224197556148927,1.2643095301683918,1.3292243441595475,1.3797986773719786,1.267412231416309,1.2348082819506594,1.238592156841819,1.1223952477247845,1.2865661358731137,1.3623705473972123,1.4049079472157417,1.2387507280838104,1.3845699794193682,1.1953666752284566,0.8517999849445443,1.0754905332987,1.3763138060113849,1.4168658368850138,1.4001436407418664,1.4462392995692306,1.4001621504412713,1.394574867208984,1.3848491399738974,1.29462478884148,0.31047351276388946,1.2968451328246267,1.3515587078897773
2,1.0665043315777156,0.9906833997446813,1.2125305160982927,1.1233105409834623,1.1803376892395667,1.1667962162982444,0.9616589380761391,1.0441578207753341,1.1192733568199003,1.003893538372366,1.2489142839719976,1.101983726877451,1.158394003288973,1.0952811463930243,1.1605665198964255,1.0236131726749549,1.1247254193036362,1.1936445165815062,1.1387957005644174,1.1449399972847545,1.1317722054065185,1.1758354521108032,1.2098834384525938,1.1743896125920739,1.1568047461507807,1.1818099975388705,1.1785916937859975,1.1565387658213455,1.069013690574837,0.9945818489237399,1.1220053548287385,0.4398279044328588,1.1417300461276765,1.0147266998174302,0.4079885513438185,0.26544104267135793,1.0712856508134223,1.133365371551009,1.1462784180138752,1.0996687683958348,1.1291301913869047,1.1704566449604152,0.9279420559222201,1.1565017335531071,1.2034542230514673,1.152699215092312,1.1088374405190664,1.2043917183194206,0.2620986627860117,1.0216946041428825,1.0853123482869078,1.1367188379067752,1.1550679447886982,1.0283166832820665,1.1713797782049875,1.1480435924448595,1.1311981477142168,1.1369380470324617,0.9558059840224831,1.0648932580312103,0.9854232667609606,0.9585153326962765,1.187507697476644,1.1903513018441152,1.117368441986395,1.0535349188515166,0.8847812209645398,1.103735400566312,1.17483418364298,0.4233164073894494,1.1246416675161142,0.3892730128533953,1.1243107967209567,1.0493678182576733,1.13396233837163,1.1205493468070051,1.1772979616453252,1.0948682016460731,1.1537172456424534,1.2006748484592946,1.0103370687484434,1.1212728024888918,1.162908504322478,1.072363941292983,0.9963041852437142,0.8050342848491978,1.1222695054714258,1.1160965594362027,1.1579999805617593,1.0925582439409673,1.1505129218888914,1.1535194902620391,1.1070774719844434,1.1096195916803626,1.1378397373486784,1.0918968694694402,1.0853840505555628,1.067325526226621,1.0994155416919273,1.119341248033622,1.1620994168521386,1.1485432773156448,1.0091622853861966,0.9126102396040395,1.2142841637591366,1.1287320546015294,1.0699378574475809,1.1994013672081092,1.0850250178966632,1.050265523734829,1.1184642804144447,1.12584150357229,1.1782582013543066,1.1696485461860329,1.1586344056612048,0.5134264401421625,1.0804030453734113,1.0088048999665076,1.1431943208838775,1.1781548812841798,0.22177321697266128,1.08287014334586,1.1733596679791338,1.0830362439861885,1.0974004537814128,0.9665420197146913,1.2252567024826713,1.1364354770909102,1.1309807130687615,1.1694869998907491,1.096049500612453,1.1125257615609745,1.0701707255129065,1.1945441954680498,1.224390959853485,1.1037861153841613,1.1371675605334337,1.2278364576241847,1.1450604288379593,1.089002602290018,1.1500231759457098,1.1419720163564637,1.1866811127275332,1.0796924409875082,1.2050172063759714,1.2174593346469318,1.1487093474617025,0.4546275615521752,1.1534236415241192,1.2190862127165842,1.162584679848927,1.2033620594472434,1.2412275401516837,1.2306157136248905,1.0980694742236417,1.1753176062242419,1.1557735800012081,1.2306982036349585,1.3177431722877442,1.239579707189968,1.2457471997455776,0.4880751946344937,1.0543856700934757,1.2249908943230468,1.280790411390964,1.2022338938065908,1.2357264929865581,1.2020362337628814,1.17090565813362,1.2297615350991502,1.1015556556449924,1.1217320461999987,1.0224120314913534,1.2509946598790629,1.1913242671420394,1.1498827593202474,1.1113079511732398,1.1549782645376951,1.0668820525904268,1.2597263747483751,1.1628818490149497,1.0323300493658027,1.2299529371081392,1.1988180536594228,1.1990271053779533,1.1983361601902511,1.1653657676268567,1.2466253443732331,1.1717272101388476,1.1754853822990423,1.1892341082318043,1.1300502191422117,1.2027352012012527,1.2030158667754454,1.2775361707868675,1.1957284166000655,1.2259254610934596,1.2099678476138451,1.1669669986576245,1.1343037177343671,1.2229586911705272
3,0.4118728921661152,1.048687562600331,0.5949344961386305,0.7568325041092583,1.0914822126201913,0.6887994433089618,0.9692848357804686,1.1241687180090973,1.0660749846040847,1.1942577252218125,1.2373086233458408,1.0291607404218177,0.9121877817936772,0.426658457296492,0.9161154782206054,1.1744674628588456,1.2773996213383731,1.3128754447732514,1.3185363982578968,1.0230510477339572,0.9529912990168663,1.228647305572189,1.2394470884177027,1.126034849557723,0.9800391594390715,1.1777290914160385,1.196487578678928,1.4178810997427527,1.2783837265569717,0.5289424523807083,1.2887478875639424,0.36934348524255406,1.3268946310283511,1.145347957941139,1.1795580458313886,1.0578430116040747,0.5280586032172484,0.9771505923057366,1.2496850962116852,0.43834202814117396,0.48517474614769107,0.640539817757361,0.7242579523375756,0.551910047214356,0.9280367723900136,0.5870931275093895,1.0208462746767126,0.575304541512846,1.0928325879536205,1.089233924281122,0.32573316060054736,0.7298804434149532,1.1480748952256528,0.34782567856330093,1.3236139005274876,0.5547814188103777,0.6000056746634191,0.8111222881999148,1.3015570146198405,1.2206817017509595,0.567021271181557,1.384578128873554,0.5105070834480554,1.1123634756620695,1.2297533673666023,1.0925271038173756,0.4226060548127951,0.7169852410647288,1.1394011746614408,1.2421495715729112,1.2300820412941535,1.0125944347194242,1.2832565607172957,0.6332133213499272,1.3106151199483413,0.42040762569928236,0.7231129653932007,0.508297076478341,0.5594714807320611,1.2773280868284513,0.5343686826589873,1.1431672564200448,0.7480093202703058,1.3310546239793668,0.9377540549209633,0.7062328401422386,0.42970165385258663,0.6986046482629105,1.2359081923254287,1.3172905576866916,0.8363613617409146,1.1005046097684983,0.6595323294176852,1.0565715603450725,0.4436355197779527,0.5607690485313004,0.5968805322455032,0.5480020796255936,0.7469928603350717,1.0349554667622094,1.4213201238400535,1.3086618396179495,0.5488148567442703,0.5266864505922406,0.7423332672609111,0.35164922304048085,1.0057131521242473,1.2652073804291228,1.12917524328485,0.5898041642318027,0.8605519521451603,0.9433566145960772,1.1688904321710012,1.2312568842431912,0.4943509092163767,0.5340107421897133,1.3078034562507685,0.6799071032329833,0.6506928765918158,1.2085318960129938,1.223142659256002,0.8728805225926954,1.41770745440119,1.397388180594152,1.1982754873837338,1.2810295280651807,1.0450155615510555,1.2921762885027688,1.0882548147154973,0.8139739346680877,1.0123630287878065,0.9417167577758762,0.7766031250781449,0.5682575993745111,0.8566325804873689,0.5519330489972846,0.5293934087905137,1.2867764776458674,0.9881474950998482,1.1276032818619328,1.049112416464334,0.46526249414179816,1.1085715757423977,1.1955756159402677,1.136865856616515,1.0014455764907821,1.2090182807483472,1.085936077439091,1.301735102103096,1.2877676635203197,1.109164599607844,1.0419833836382448,1.3217658778196575,1.4163961127738964,1.259626832037071,0.8999063967421108,1.1799451977022861,0.991903604705658,0.8993814383164118,0.7807913585993398,0.6459050839813509,0.564400245931933,0.9809644075829322,1.0603740569129858,0.7934196013528264,0.9011012562695228,1.4213549739340463,1.395635722352519,1.375905518158639,0.5798476521068875,1.4518259066771362,1.0735820258060096,1.3704345131858435,1.2235799525045028,1.395928593229105,1.0215668034868362,0.9486437967377652,1.3714916089528941,1.3377520753169652,0.9914108326625264,1.2938640094606753,0.803793235200656,0.938295789799713,0.48634618546790775,0.7223945996194929,1.1657254605562533,1.0581000801604823,1.236750703923432,1.2846889014739657,0.9758726492694757,0.47042795039790053,1.2387949485962677,1.2418669885096685,1.038339567688971,0.9393449050495575,1.247017336644662,1.220347846776559,1.3219891057137398,0.9962452609159247,0.3775557924813079,0.31829437752242323
4,0.8112767349400123,0.9070052432650941,0.5774823486757058,0.3629824199736301,0.826338802086733,1.1012301255339436,0.6806663159754447,0.9675083253430692,0.935005614267177,0.6905094443337245,0.4899231845231078,0.9739090046862171,0.5216942739326496,0.995752061444398,0.3093144167227666,1.1826358773241354,1.0279683185325124,0.6883191407649034,1.0557659666378432,0.7600411827657485,0.574122872676545,0.6424747436229759,0.7473002485897866,0.48723615824111555,1.160304824561095,0.38571629551697106,0.5341080806435035,0.6287373603377746,0.3693437784539131,0.7288893696637979,0.9994476149448486,0.39959718939166716,0.3906248352988168,0.7930396362645686,1.1630240393510758,0.6960293899099157,1.161480441345702,0.638093147973055,0.37904833710333147,0.9785700086845073,0.3643423258458346,0.6112935764854096,1.1410350685010082,0.591862389828426,0.617462434593862,0.514053802795736,0.49284019954306496,0.5557412439128353,0.4438620359899007,0.46366563722187015,0.4386901704342722,0.4096716953991215,0.8869926835447318,0.21209528125809846,0.5593309255289933,0.9509217081094645,0.4417161044163588,0.6647898044738492,0.9565470137410961,1.0638664986338775,0.7544365236063406,0.481733678270005,0.4039094187777241,0.5761296515904072,0.8162992631881854,0.6893176480757242,0.34806699017406983,0.6268575447224934,0.40009544650756357,0.6159389111030869,0.8211910635425523,0.9710675087784735,0.7684179723665658,0.6849818024146095,0.58572277472384,1.0756547934896268,0.697635565689554,0.3756720577230628,0.6468291582742678,0.5098203871832192,0.41939600739095717,0.694593467080135,0.8092594046058474,1.056066173271794,0.48408399693814697,0.6809923932409299,0.7106951177643328,0.41176784623252494,0.4792298242388983,0.6440929787004113,0.7663220093826119,0.9714628284485194,0.7648690155799505,0.39761107841256027,0.742793149933885,0.5898843731539412,0.3728661581331283,0.574614645359855,0.922909522331548,0.7586883841941772,0.4831037132493538,0.6867510281467941,0.5162657030702387,0.4587711704899047,0.4106424056920889,0.6230212505011943,0.6358176227490546,0.38881729970029216,0.6344822353286673,0.7000976701555321,1.0178532464776084,0.7329906817108801,1.2185595689870747,0.47837633196105733,0.8277801050192258,0.7121363227900503,0.779066943835707,0.1923197160244844,0.4142369504125667,0.6080070024867396,0.7589754672279025,0.9272901149524737,0.8410915002811601,1.2109483555484917,1.41026404622405,0.41164383794582204,0.5593547292358625,0.2686261910087384,1.1659971733065448,1.1973759504662054,0.6543201504062083,0.7077795607051074,0.46491680162244353,1.086712640058106,0.8433468122333696,0.9350337556949848,0.5484259868722363,0.3426620474767486,0.8313876450205375,0.4518465345410202,0.36048177663395253,0.6411277610578504,0.6206711909584011,0.4918328902765353,0.4756351713769791,0.4203370780567348,0.6173958642262289,0.4175165942676474,0.4559796013512023,0.7098628285647302,1.346065290929809,0.9231726494998003,0.5035483212890749,0.7412841035686157,0.5681091679614191,0.823115192711404,0.5480482006637295,0.8604005888159474,1.0012453492525353,0.47138067718050947,0.8267152040676342,0.412741261223299,0.5541493066507991,0.6136090030192616,1.1858693737369022,0.5207949719182936,0.6594409457559238,0.3794446691989003,0.7231244877929548,1.1595429074031236,1.1203836169287316,0.6375817411090627,0.8653379583920406,1.0429188158355207,1.0601430587609022,0.8808853979127551,0.7968909721893229,0.803105218233203,0.5848161268493715,0.75663636262131,0.8341304058910533,0.6593468754428861,0.533929810888881,1.1191186267181705,0.6660723550641985,1.0565102930420711,0.6845541878542395,0.9929125973933974,1.0364534591689005,0.8650480117587864,0.4142104184930743,0.44531780796962833,0.6703692425447733,0.460454165849114,1.1300080923694964,0.8364807288088294,1.0657293082584305,0.5192315649142977,0.8786585865345171,1.1201684653852277,1.0964328506138055
5,0.8237089184337354,0.9939038374452915,0.39312379407104336,0.503154521112723,0.5913913524051979,1.0602735404381867,1.0555781828809905,1.1916821614105655,0.8744994002899,0.5376980902133021,0.5277793104987539,1.037028985360237,0.5589123584301698,0.858694171741116,0.5150499608186526,1.03659557853696,0.44451419363261035,0.9087194623446041,1.0960354770807068,0.9448127087647689,0.7564460878996794,0.4841331526043421,1.0821821414744481,0.8276242605197153,0.7554767317470245,0.27078558137857195,0.5024815548008927,0.4352048582204606,0.6170573565210447,0.9106455382851977,0.8896807382984989,0.5440066361764522,0.4888242870256737,0.5320069026996453,0.5870759899570682,0.5358315348405512,1.2212557280669736,0.6845792996514165,0.8027617207234075,0.6684422209473426,0.8249932950551833,0.4520194830330747,1.0997774026840412,0.684978990518914,0.41588648552609075,0.6881776385402965,0.6383545649747508,0.8069159221239048,0.6029388744217504,0.4154836193365289,0.8819657768977834,1.1776165081111278,0.6842461063022077,0.9915295274978924,0.6141021675777616,0.5628245702446371,0.3091057847013747,0.8669847851744796,0.5080393929701644,0.29525600053507367,0.7394217989729408,1.062483874698249,0.413410225656216,0.5167731967491784,0.6679701360548504,0.3666461284402629,0.9627645457587267,0.6846749862697261,0.4550456118491182,0.5020856189292291,0.4175750716591433,0.9903060250504409,0.49798119068995983,0.6038114399889327,0.9461434844815673,0.9541087485399813,0.5705968140556957,0.4901849587534315,0.38930533437342474,0.41326586759703743,0.45680617592780004,0.7596829299249903,0.6575065269250444,0.5111357845962528,0.9407709662884063,0.8814123810423675,0.8578964691064361,0.8151694773563538,0.4826623388920055,0.9087077720832324,0.7208090872869564,0.5265602007875414,0.8388448720695145,0.4361757292697393,0.8491973116233937,0.518113206428441,0.29733650942021456,0.8320689998608826,0.567786833090149,0.6139642858055383,0.7966127304059698,0.7184113329102377,0.4074858784394782,0.5230151634350685,0.6006704606148288,0.7113705052216668,0.6662400998563222,0.6314926409904134,0.39709645598280324,1.0364638135973763,1.088049275489055,0.9162127352083558,1.1840399831378987,0.7920919864302612,0.744271282709567,0.6365243151662346,0.3769456648621281,1.0880324156555103,0.6432043496134334,0.41833766336162226,0.8801870207600926,0.9757803632549764,0.5245226310892868,1.3620506634813219,0.5028026145717862,0.798978317466237,0.4878888838725463,0.6011558098935426,1.1926982697185784,1.194969535679792,0.9307548900120072,0.6568423743399388,0.4505534050053797,1.1459109554043045,0.7952685863815747,0.819605978055338,0.6017679103437047,0.6633542738493637,0.4744741244941793,0.8379005476184591,0.41984390130280597,0.5137884811508595,0.5504437321996338,0.4441279603851238,0.9296007869592556,0.44836957194708604,0.4588739492327376,0.3756896028733261,0.829135869352312,1.1977021285837868,1.3428700315489572,0.5522823416486011,0.6941437134322295,0.4248514766707059,0.6214509938907236,0.4817237357412939,1.0094151254215498,0.6900765488922107,0.37289267999494885,0.5754621014433445,0.38349105041377163,0.9772197305720467,0.30744947558028074,0.6933565398947088,0.5883379792830101,0.7800741632665686,0.8344240052197367,0.4985361838414375,0.6428267297271094,0.9895646436402614,0.8313143085307073,0.6717086345779708,0.42504685534727704,0.4421088499579474,0.9972481801902225,0.5407121022459602,0.6721706478301568,0.4656291402137107,0.6241353651474795,0.49883372133181025,0.5690877871498027,0.5190384223810629,0.8906171771449918,0.590608883388083,0.617225949794538,0.8889843473922516,0.6525816741855051,0.3352503089153148,1.0145930510034438,0.6942147854870557,1.0026800259130433,0.7221802219781934,0.6846016002167518,0.25508976735890143,1.106830128376875,0.8794180301199126,0.5975380356349365,0.8196001627882341,0.3983219521664966,1.202194386653681,1.0678318284979025
6,0.5015540714429886,0.9975662599982629,0.6362952585049572,0.6318699027534678,0.3830740515048088,0.6243018754929857,0.7487817145289644,1.075752836716359,0.5320731557682349,0.6252359204317193,0.6090456533082667,1.0120610259929417,0.5768240690310178,0.7875716062297858,0.4501186813952501,0.814526279625199,0.2952852044645372,0.36771652241348884,0.5673035471736025,0.8102742542281439,0.6912614033139179,0.9775365774386438,0.7255097647246955,1.0529882810615478,0.5606102690826299,0.42717982037607727,0.4218729446881126,0.552200790191718,0.6870958002432405,0.9023216702474702,1.0021506580447035,0.9643389051521423,0.5939497969073403,0.8668907012736065,0.9687731728818085,0.7457675940543971,1.111396364226477,0.49741546367548367,0.6155681974349236,1.0429477546086277,1.1131279403827137,0.4055930284659351,0.6195850660404594,0.6197932540527978,0.6518474367596675,0.8473124142546551,1.035768349687069,0.6247858394584634,0.7519461344265463,0.4908868994467481,0.6330937827007572,0.45014753726606643,0.9678053380458078,0.6617611537237714,1.0179703282079005,0.8408043085707428,0.41061115202038273,1.0271238977548311,0.7930045060854692,0.9952299743832059,0.7888401278275603,0.5594184816358575,1.2305145608262547,0.7357548889108877,0.5485081183419249,1.0983607017062766,1.0856698264590952,0.7308310959639739,0.6970870853957105,0.4550516492410358,0.7928094852903924,0.6357855296555625,1.1001190176785647,0.635335038043207,0.8955913847063695,0.6817102074179479,0.4738152377954369,0.6701602998997949,0.692438790540545,0.6766873876474251,0.43715543336460205,0.787830855204041,0.7725988933747755,1.031032160336569,0.8595291183032947,0.7390463499220135,0.8432186213765083,0.671237208411327,0.3900711978519519,0.6115220960260851,0.6148488482922037,0.6972851848314767,0.4974205172680237,0.5731741732134237,0.7314300343798399,1.0573524363314213,0.3998256646869506,0.7253499164071566,1.0045963815320254,0.9027885030982019,0.8569272401125456,0.6122850765926424,0.6909828796538225,0.44864623369779266,0.47696495658848026,0.8111010747546109,0.7402623702425815,0.8656755180942586,0.5915451503780277,1.003964539025501,1.2091990317328365,0.5097294441881131,0.46801022786705115,0.8363530810472968,0.625752773203494,0.5052929040104363,0.49749647349778336,0.8885098734221857,0.7234152017264378,0.9275413390412801,0.5954841579240172,1.0124701764673967,0.9420625581691562,1.1104076935320466,0.5194448735110706,0.6459207042161788,0.4827305008485865,0.6715261186410109,1.253603812575884,1.0562595566136646,0.6432638477847444,0.4337602185663084,0.6001135774092446,0.6989850141834764,0.5459256560690383,0.41388472724940056,0.9193007107417133,0.44730380522866653,0.7128314285878568,0.5569796491223341,0.44368725692661193,0.476563261931893,0.5815170832463781,1.0275433196874924,0.4458367196789307,0.4734709005819203,0.5054763730220496,0.5446826099779578,0.9007605110116372,1.1888768195016395,1.1009596833924937,0.853554415407729,0.6028190055483819,0.5137238582062693,0.5986404874642395,0.8798583945507596,0.4542961116788219,0.4878693396852657,0.8074106745819927,0.8688948282170179,0.4602623201280305,0.6256326464932366,0.7397266500702419,1.0471987561301606,0.9513716319532151,0.3738996243127303,0.725068343197586,0.8509633575367149,0.3866912907930119,0.9373333288166039,0.5729512389496666,0.4787504293842154,0.8561300705478407,0.5493514374885016,1.0910487555626618,0.4773103946737971,0.512370713809245,1.0314412314850907,0.5217864020373013,0.6137509732261529,0.8035003157767987,0.6448484513464556,0.8958117939065663,0.8376987795186219,0.673068273500339,0.7975769961761692,0.9513659529453682,0.4181455088653977,0.6685640472990888,0.6329180728200025,0.8916012350729405,0.8058203301321525,0.5989273788095542,0.435746604315043,1.123931795915355,0.7259841355526657,0.6067145301660205,0.6775158545784404,0.6076868863745867,0.5112305085561413,1.1100268017107924
7,0.47935895270786444,0.7228952009420608,0.4114784064692456,0.6588929266325108,0.608097827808604,0.9143742302842471,0.9333661794858857,0.9255804694088146,0.6001789317303841,1.0323052208402128,0.9475648848852074,0.45800734454524394,0.9637421907526482,0.9243131119562503,0.9859806649636945,0.7380583007072103,1.0383242602271465,1.1160973530264875,1.1186603137405458,1.0607117389901097,1.0807500639516143,1.116402521986396,0.4444170579468555,1.121725360426141,1.122217137539418,1.1920808996308063,1.040404675411121,1.0587065036077972,0.5301070449223124,1.1514449880449025,0.4447757968746201,1.0272792243457478,1.1616863570320068,0.43612261900189964,1.122247721834985,0.9969057889352706,1.1003880545574933,1.1307417710901633,1.1179035131808868,1.0286907550892548,0.24847828346415263,1.0316523603389616,1.0848613287361135,1.0781979719712924,1.0081951133619238,1.0798945045021515,0.9728608717876643,0.9389423196856295,0.5184886443593144,0.5558320914066858,1.0473077736588827,0.4417971728857899,1.1569873373011297,1.018914677709047,1.1597038581295962,1.056099645736557,0.5269993531338724,1.1334781359041557,1.0970674610024749,1.096157235986828,1.0482109219541398,1.06412359295959,1.0857973940872698,0.41255031292741473,1.066476846168558,1.1316603759101789,1.069576536326697,1.1328370027119172,1.2156340703476096,1.1596260371364178,1.0680236178131817,0.46552771656549985,1.2170224016208253,1.1941109333590736,1.070158499658066,1.1960327531108343,1.213264585652609,1.2630612545818025,1.194514610640442,1.131898981482837,1.1821494122746332,1.2356211706176077,1.0939985157057406,1.2248289487004138,1.093445953166027,1.23940111018767,0.4540110994124723,1.0137992141259051,0.8487127307363239,0.6250884172164253,1.127014807858287,1.103520802405823,0.4280515706681755,1.170348344643581,1.1368127310155387,1.1014194092737768,1.2460882896724055,1.0371506511906405,1.1898879905343458,1.1043080543329036,0.9174543591139676,1.095162028614638,1.0398085182090628,0.4612266685737569,1.2108139039941983,0.5840176716811847,0.990496201200475,1.0922806625390877,1.1291068182379251,1.212366078609267,1.165044467042491,1.1336488003064356,1.0011113852132507,0.9586765843729901,1.1511262293352216,1.2387281840355726,1.2293273240180431,1.2593728529499764,0.5293474751247169,1.0781097118292382,1.2294163649253773,1.0017682536243937,1.0518651538790569,1.105554873148973,0.5627309170100612,1.1701635952445761,1.2099776445526702,0.6465481579892538,0.3881608306284838,1.0941773353621957,1.087299708576307,1.2417384272878231,0.47835645986091885,1.1198955734210971,1.244160114132907,1.1448271310142326,1.1354075161961577,1.2447154350146592,1.2318424678668047,1.1416543006615338,1.15492414176713,1.2034133717170914,1.0062593592915325,1.193726541218636,1.0024760606742924,1.148001176202748,1.238367836827267,1.1938226902769666,0.4274118791494388,1.1523142441426644,0.49139522549001935,1.0319850844538663,1.0981372766763302,0.5051298768808508,1.2819893021278743,1.1799312896362113,1.1937811931188742,1.2885436964010806,0.9725880479462855,1.1234945332160957,0.4746337068200929,1.0885688743283608,0.46600949601659386,0.4545557064824956,1.1860791410912404,0.44342975265673024,0.36510487192144614,1.2337035499633835,1.0649694339159854,1.167602369705556,1.2004230492225354,0.37269084407735464,1.1571680054483964,0.850514789709643,0.9503424475900274,1.165467473820848,1.2431479405295391,1.094200295432929,1.111946724871142,1.135286701348932,1.09589511385947,0.4692419170309492,1.2287004610539771,1.1687387378024963,0.967411122755625,0.9313666047543812,1.2624935295534163,1.0996939967805397,1.149341033623272,1.1867549786508127,1.0990740039260922,0.4399753266768739,0.8872582068572814,1.094425951704452,1.194416748621722,0.30337508431186133,0.9331671826393027,0.6318368011256056,0.9211390316900763,0.689702597044539,1.0137593873496105
8,0.754722695582493,0.9535257960442898,0.9219891860176286,0.5810468661321824,0.44392004461628587,0.5390943427916267,0.3987743055324881,0.6510447080185242,0.7114994183725418,0.7846724703315486,0.7144781469796736,1.0977346055606998,0.44031242124404013,0.9085783504265069,0.7197877923620967,0.7746171730782487,0.8259124607694939,0.6800126388653213,1.1559071339787295,0.9571087548233581,0.7745063846410072,1.0835600101743013,0.96818658028417,0.4151507694204428,0.4300942093117368,0.9860296046475728,0.5192990255928548,0.6888650404534702,0.4234836394274063,0.9235738595027527,0.2861678609969237,0.4154397472175112,0.45053223434229894,0.9060605279324017,0.5812578846640787,0.3740379376716497,1.002645508564892,0.6104686741428771,1.048159880514464,0.8147881447472964,0.9869196856975907,0.6219748174220535,0.5795464254977697,0.8223920507952337,0.5785954430976549,0.5779042960930859,0.5061236594979179,0.8536039173970613,0.6869898153734086,0.7865861340300809,0.6696410396846035,1.1320368499924829,0.7171772971393511,0.4489399089054884,0.48544601371532814,0.4301773889083228,0.6025423916665815,0.7135209293003625,0.764919566152082,0.4213353116216737,0.7988073453950102,0.48961037247106537,0.8500848324399138,0.41951678451277163,0.40799242005252206,1.1247343405805714,1.081098209721538,0.6335137705820807,0.5184165290667452,0.9729903436644052,0.5523139640477107,0.9390492782359439,0.4823611188245748,0.6252347762354693,0.5698441712924895,0.47803426302966706,0.5815558683826005,0.7559428222843085,0.7870824046062821,0.9490343270246031,0.47671887969762144,0.9611605736440236,0.5193501722731859,1.053205428164957,0.5146936476747924,0.7818739845815978,0.9108921101393292,0.4940975473121454,0.5662430577923352,0.6739835269257599,0.4798629060600711,0.6819097243617999,0.42960363886167374,0.663063197930625,0.8822538888749505,0.5783306637838701,0.5291741735172502,0.7003579834964611,0.7459419915450144,0.6132329312309565,0.600253875299173,0.6919531289167407,0.9291075743394934,0.8585074257090215,0.6494206740382388,0.737253361541065,1.057753472607176,0.8302653229021099,0.5526489222009696,0.4612466464218422,1.1093530318043192,1.145426153819941,0.46475837816863164,0.6928148326087672,0.8786309146943798,0.7062195025907128,0.6916648262800658,1.1612469577700597,0.8602482971551232,0.5774410928728098,1.050043533522647,0.6357566736482572,0.6553854735617117,1.0641915262667851,1.2529679131982014,0.5398568197019546,0.27943003506343267,0.24534184780764343,1.0165715004114617,1.0196148192048784,0.7164645022569547,0.9086703335104207,0.4772399264836654,0.5339317069477769,0.9589571250702342,0.6601431452334376,0.38697409627505186,0.8289166184120609,1.007795705074996,0.8147004731200681,0.5352649192146957,0.6163259937691501,0.29151696418555073,1.1234436478011351,0.8370417566203626,0.4457953861415995,0.787463678607621,0.6079393509852193,0.7376570678406953,1.0184648256637612,1.1286398176195442,0.9388494681139262,0.3916471214860928,0.5004037041117863,0.7865471587860481,0.5274852218078776,0.23261866582132562,0.7855547744951035,0.5374034418766417,0.41620169918553834,0.6827062952274034,0.7619957198484122,0.5633999456090317,0.8273062223116281,0.3816090582725502,0.39266285911747956,0.648210670774312,0.6555695681089886,0.5688306809781525,0.4647484903634209,1.1327105843949872,1.0568705957632776,0.3167603868061907,0.4189796134460143,1.067390635691196,0.7508137803978807,0.6062651398253452,0.6103676743910763,0.668081882085238,0.6408846569598592,0.9390173278417151,0.749189025820912,0.8047640033995582,1.0781631081038845,0.39549950868494843,1.093020820588451,0.4731956479788808,0.42497785038225433,0.8727202922562095,0.6765760299765411,0.42712782684908773,0.5224633624717632,0.5937140943040349,0.3089707565712497,1.0929273478151669,0.556362537414239,0.5765144042663292,0.6036970726224556,0.5073513666931339,1.0840294279988245,1.031648895671799
9,0.4544813421867059,1.0665153604883864,0.4605857558764667,0.8714146484686935,0.996087675251206,0.989744739729663,0.9072680678501028,0.4435583169902918,0.5746035035183082,1.0475014891423824,0.9835476463098113,1.0210276501804674,0.6058953998473988,1.0454074885036828,0.5829269826505006,0.9876109369061975,0.707189907714554,1.1072863367136137,1.0934045711843163,0.7615491926201605,0.5937375454025497,1.0939748776113893,0.7065731187503808,0.5276716076092978,1.08517127373926,0.9387395146688676,1.040309987526925,1.0749966378835976,1.101114351804132,0.7333758633146334,0.5215127451658144,1.0695719234328012,0.6522326572635919,0.6343284986242577,0.517147660779832,0.9735570383991718,0.4156798132756227,0.3086589381524474,0.9168383488470709,0.7559223976678342,0.9020253074132031,0.7058388334422334,0.649235305576926,0.706856637767887,0.5240418760208889,0.7723338528132214,0.7920135222760871,0.6827296558419416,0.4419690472992466,0.4689344299209984,0.9481924064780561,0.3944300537159452,0.8876823913919376,0.6690868054665372,0.8080174759214154,0.559954874671137,1.115388686341445,1.0174660020673032,0.6823321106812551,1.0523034140383736,0.6994333583643417,0.6825737801499667,1.2110527464707337,0.9418173959800972,0.7686704662382572,0.5631256776896899,0.8415688647399233,0.9283155079581262,0.5482319901163245,1.0217959958574787,0.3116740193837206,0.9589246486893611,0.6151823261376986,0.603422887351765,0.6582840527427212,0.7292636796755321,0.5006345385179121,0.46600312311652303,0.7947764094107082,0.6469218807418392,0.4625892479556605,0.581929892916767,0.7318872717996621,0.8753204526951497,0.6137674419000924,0.41585529296355583,0.9647983648594871,0.8014927819104425,0.6286078756469662,0.56199546457602,0.7232043107351356,0.7118499042148222,0.9246543219470209,0.5056943387622543,0.6130527743163885,0.5704937768838982,0.6445825046913676,0.4831173088343268,0.6757836564838609,1.1080672796436577,0.7266917260578586,0.5740996887865186,0.5294484890225303,0.7767108825044884,0.79380303708195,0.9112214703663791,0.5006914267886893,0.7447920761808399,0.6388039501993309,0.7985170046491481,1.1135412050779452,0.380119758990894,0.9935305779806727,0.888985602022516,0.48737406239870396,0.9183691510951792,0.4058938245401117,0.5278559119388821,0.3711316246316826,0.5350595380350549,0.3713187990045889,0.520087463554906,0.9938889773345561,1.0222614346280456,1.1643241932853705,0.7933281210315131,0.8003313767787139,0.864592245376517,1.2159664359419309,1.263780016295088,0.7686902527574051,0.9004761344605872,0.4060690845647193,0.4262771207222081,0.5051913822969402,0.575208788999857,0.44954501572811284,0.3713941480523743,0.7975733068951516,0.6855586897526735,0.650114446941474,0.8014528247300752,0.5633889947131051,1.04037330071849,0.7207597340268931,0.4380003970889264,0.8099046138358045,0.5088021002614448,0.5030312265182475,1.0443084401194338,1.202897753891948,0.8737003292968442,0.638870318390433,0.6466200432592817,0.4724895823711041,1.024847841193052,1.0587039419373703,0.7166431230568602,0.438185132776576,0.8295171213204298,0.43596647069598204,0.42910066493313304,0.8975160128920039,0.7740493296235736,0.44028390784792737,0.591338831754301,0.7353537179992558,0.4679520008086465,0.6510666979875497,1.0569370537387188,1.099238248998829,0.5609665507582194,0.6371035882792151,0.5232355283100216,1.0725219242071404,1.0803999548616385,0.5678757098114426,1.1342664458330776,0.556584612489633,0.6806037136038069,0.8347229037365438,0.6511863091194419,1.0344874869396674,1.0662840503204087,0.6082542292599822,0.5814874673909161,0.5967824630848402,0.3627595102843489,0.7909072848370151,0.8204987869455083,0.8089789682099487,0.5722128217224414,0.5737394028003966,0.41521726133965664,1.032588590259994,0.5470872363934632,0.6096553073596265,0.5216020675165445,0.7172776768827902,1.1233386850971832,0.44737837154407323
10,0.7133090148681466,1.0800975549929142,0.40156777857856635,0.9571394131350096,1.072390665867854,1.0908494122728527,0.9779358075603115,1.055204474111126,0.9201280330282899,0.49921168309347114,1.0042296579824614,0.7255981035674692,0.58051218240041,1.0056552437090047,0.9353301808061385,0.9934969166326961,0.986599523173928,0.9396410196229736,1.0100233683858555,0.9027978801424235,0.9713961543144336,0.791322450442212,1.0256635806112768,1.0905584730875237,0.689340891423526,0.5012900245623948,0.5134124351794559,0.8849028103459101,1.0153374492127865,0.5685938394655167,1.095867530242392,1.0001452449947759,1.0238298471263416,1.0195064185225466,0.6388348035355357,0.9543104376139533,0.7023191739187494,0.5693817971477407,1.0046641303378547,0.9871849049295423,0.9180098393813336,0.6132540722549917,1.0644398403062958,0.9609467873311446,1.0652499662250148,1.0335027328814363,0.9893947611345473,1.0573270766150014,0.9908067967910853,1.0424336984815503,0.9861792083596453,1.08082735542542,1.029714853045188,0.9395931691979835,1.0685820969986775,1.0373988934822473,0.9296727614924674,1.0378655212821655,1.0425322739460843,0.5209242826166148,0.9977844659577741,0.9529979638318267,0.9933214965716806,0.9815932381446141,1.0376927034644772,0.6404431588473964,0.9395558159911981,1.0087562710274105,1.0614534402298594,1.033289188620955,1.050464312314674,0.6681278833399584,0.877260286218768,1.0541251387264698,1.0540872487763595,0.9021728580006496,0.5527539896349004,0.6538425030221777,1.0325401930787614,0.7102096892888498,0.544336009850336,0.5222773736225867,0.9496438245667445,1.0316601599866257,1.040459986049522,0.5680259565559558,1.062161287095535,1.0205104581887792,1.054362701898308,1.0529588944713986,1.0084069580392603,0.9750633678051259,0.5811634573703489,0.9966764893829287,1.0967033465691958,0.9798537431615642,1.0612652202661823,1.0453260947700975,0.9742952956584315,0.6487168215304604,0.9141343056601867,0.9774870097964978,1.0568051796997477,1.0744710376029014,0.9971671410180012,1.0025691697454517,1.0656596980334785,1.0617553064196674,0.994863385586888,1.048817283514433,1.062475104595449,0.7686679234970812,0.9936808724289208,0.9620127438233894,0.9541077015336893,0.954873073629983,0.9348675103307359,1.015595112817386,0.9484249405318725,0.985679267514237,1.0346545672990088,1.0085103751179707,0.628209583954348,1.0483636968389265,0.6092031724333419,0.9353506144204637,1.103094743349263,0.9348278283712682,0.9468119472001488,1.0472910514058333,0.620705031575319,1.006777504507221,0.9669251718886198,1.0829640877846223,0.9934919656534926,0.950837865603699,0.9613396107375278,0.9198792507445772,0.5300790611359061,1.0488730580369854,1.0416827132326356,0.9539518650851115,0.9254649065033721,0.9724750029325575,0.9404892445565227,0.9947714276488415,0.9727003196166089,1.044294776906463,0.976999044227292,0.9523227389145528,0.4917964691013521,0.6913133696656958,0.7272158049915014,0.9573919463718392,0.4307606040278452,1.0451423942927558,0.9777031292581759,1.0739890431623573,1.0524135958006182,1.0830392017745452,1.0333590331424412,0.9805925703651851,1.0782571954039,0.983960830327831,1.015402860564456,0.9477570329938436,0.9829976093061545,1.0443557331210567,0.9818133391498798,0.9655476566529901,0.5806880423348777,1.0231161238481596,0.8671281768190673,0.5867746028521452,0.9637578864715127,0.9549326271931293,0.9922886079585145,0.9408868054441557,1.0490533581485462,1.0505286473882784,0.9730977175130828,0.9661849854421949,1.0029954335085913,0.9371089726733952,1.0489771583901826,0.9650097967850252,1.0356603239998785,1.0421885841092258,0.9863242327671755,1.0290678654642218,0.9327186095347662,0.953651250292397,1.0641988430024238,0.6721082594268797,0.9741229075195856,0.9622048698196708,1.0575584393085098,1.0122968052860166,0.897741157989792,0.9883354144860594,0.9532595354008453
11,0.42936885383628587,1.0826881355978057,1.0730619969886896,0.9370644834323745,1.0245015283032801,1.0694529264279504,0.9854021212299048,1.179143620427525,1.0729342370660517,1.0248106107984123,1.0596233511195905,0.8551662347389669,1.1937499713485,0.9232094175183094,0.436881555805515,0.6510766281572135,0.824755042404475,0.6879469841854062,0.48786679990051224,0.97050468520429,0.7135141075968602,0.9570409444290563,0.7877806979161788,0.3671238683913235,0.5800386625882457,0.5467701661834488,0.4622213929275083,0.5474700413803755,0.6025170266713552,0.6877110355491515,0.9794078005173974,0.4598621225325831,0.5620653031541181,0.782676836532537,0.6675733870068494,0.7491499930518319,1.107064624617178,0.35252173028446354,0.7059310702798964,0.625111823227886,0.9088026902558304,0.4044702259855066,0.6551962359014264,0.584878546988767,0.8730484686858289,0.8721845471617317,0.41458235579884034,0.7471775221737249,0.6309530230627143,0.5857812997115588,0.9798915928663976,0.5377766762930465,0.8438299306125909,1.067294761668887,0.7385554974695109,0.6885320006524606,0.47497384695650313,0.6127799368252199,0.4212091641213157,0.8713852319955417,0.7731556339563626,0.5151166526144546,0.39712051038685403,0.3749103612660632,0.7239308388199184,0.7825987624584525,1.071253526368698,0.6661581981614839,0.5285308406808056,0.5360207546236763,0.4575861852682689,0.999343388077389,0.3794228332269645,0.5881957898465007,1.0078214315373688,0.4070769573566584,0.508820619352798,0.8753693628499404,0.5887342807560854,0.46229053026240696,0.432455463012482,0.694622666467708,0.7522553160154424,0.8873647277855441,0.40817275413435405,0.5111878288478777,1.028541600686798,0.6999976971426447,0.4435551123441861,0.5673701380854856,0.46712650787213794,0.4642709042753923,0.5899437821765956,0.3460850502225793,0.7514934603953227,0.7330456621132089,0.9895384111093053,0.5639040757048246,0.8037282441519538,0.6605406600026182,0.43062636046465164,0.73556421371536,0.6914040396687655,0.7034334210456776,0.6046026602294888,0.5397201831885924,0.6607635909187898,0.4602464719124808,0.5249570919094327,0.45854879079124244,1.1310957685534446,1.0375603086437222,1.1466484160111476,0.7089475648978785,0.8217608882985106,0.6701297841704923,0.5857764343214861,0.8045839628638531,0.5525336841318106,0.34407584607348163,0.5249957778878527,0.4888154407202549,0.46224880555484116,1.2322131988539762,0.9779468260884534,0.445072405413133,0.7277417185527268,0.6716243423858936,1.1782917641351358,0.4485273241258971,0.7559678167843493,0.6313286307923524,0.431865806839893,1.2329926388215746,1.01340804225074,0.4878785116620804,0.6443264515710847,0.44653162639779004,0.6188523115293525,0.737154463825598,0.5106159446646218,0.6085261428362766,0.6437228318379306,1.0263408808793353,0.832332424757374,0.3824363147452582,0.5289496705394394,0.5008309107080513,0.5163109263842982,1.1561084460929365,1.2334598122857874,0.9568962077448673,0.6465456290462771,1.1295830178170883,0.7284052902617204,0.31746315294999705,0.38600629690684635,0.5913085272527,0.8162644964316543,0.7902069982302902,0.6700172319514826,0.5243247729933548,0.9238293548929885,0.9102985566309809,0.3748769660517139,0.6774284518739413,0.4480665017875454,0.8924596914930372,0.7249963783945782,1.1166890966637226,0.63581863419573,0.5978514106000955,0.7096138200889393,0.8528158297648809,1.0430342965059247,1.0653743734220429,0.4109931142299239,0.9388672872505426,0.7841656565308333,0.5175748764430771,0.448884698349704,0.6226798179093677,0.9613761400373051,0.7577401255554388,0.8234838039098975,0.397730379294158,0.5382236706744761,0.7327848405107549,0.7882775773586288,0.6516840127547171,0.4910743806197756,0.5128355249530606,0.6775621484116121,0.7493265600243859,0.646477839565595,1.192284746732047,0.42520480424183754,0.5867144695857218,0.8949212637894179,0.4889696612803526,1.0074751727879214
12,0.3230515856025501,1.02100082466978,0.42937169524595586,0.4658624024406933,0.5823332034082132,1.1007503757275594,0.7579448287461124,1.075548841933562,0.8816696543087688,0.4739889647961466,0.4051496260580576,1.0096893952875994,0.5271002792692041,1.1272137500081927,1.0444330518922063,0.9826756947415326,0.6651220807767866,0.6740692981257262,1.1070260849388638,0.9976431126831676,0.681443680821687,1.1426629763864677,0.5282399822315373,0.5696601197539944,0.9101651357757308,0.31175977261194354,0.5079148252037213,0.5763424482722417,0.8494842390501551,0.7251299493401175,0.5072777289722331,0.4824042357102185,0.39209575942382735,0.7186400030558323,0.8909657443263435,0.5430512222830115,1.1313198961701199,0.9482043052229104,0.9503413348203078,1.102889891383549,1.0439613681624942,0.624883489372362,0.505480711351503,0.749569709480439,0.7023826859054488,0.44268378864282837,0.487381089295883,0.6086334188122866,0.5972801556988272,0.6119286147081254,0.9372846293288908,0.5202431941084952,0.9433395207309457,0.7125623267925745,0.5537605181206371,0.5774622118076128,0.5916638769779572,0.8255788237380769,0.8633046999831526,0.8495204556683674,0.7371658076569998,0.4604059802259996,0.9592387402877046,0.6866072464316141,0.992982275315386,0.6641007030598659,1.1045948575618603,0.5554688314913447,0.3809022495171537,0.9094622989237716,0.47742163420262096,1.0179759981962306,0.4706905847776879,0.5370809044378274,0.7987379981938576,0.8076317299492515,0.42968885324688944,0.9192588667455767,0.9246699766677531,0.551676697105406,0.6652799479517273,0.8857647791810507,0.7428069057603023,0.7912774484402619,0.8546003878249113,0.7501755327909526,0.5664828438442884,0.506833786200013,0.5109002026585538,0.9976452113597094,0.7698724294106984,1.0377154379997287,0.5727714165885385,0.708927766645552,0.3923747527246185,1.1788129485377166,0.4927504474424267,0.4239336983182303,0.7458295973469096,0.9233710633044367,0.5008497942521053,0.5430127463825729,0.7011050120477085,0.9616030710684967,0.6907847753324068,0.6852225972031538,0.9660370885715863,0.6420166061968836,0.6203377168497307,0.9360796951995097,1.13496378477462,0.9100557450980936,1.058246010267745,0.38824330020365583,0.7545382734678041,0.795328667168705,0.6867343106702435,0.433629376960333,0.6763995623827932,1.0646231931824046,0.6473542034262039,0.8270759060536739,0.5866898989902594,1.1625040197674408,0.8916395612095087,0.4482629914740337,0.49529549754568736,0.521475582185093,0.5248328273533566,0.48271510478298885,0.7477446793339471,0.7466677678879636,0.6579898427330504,0.7480513134355777,0.580267065504779,0.6055044153603568,0.6790723242952734,0.5186057578445058,0.6433176469203438,0.917498226469464,0.5894586644607793,0.5608451378523713,0.5385239182722759,0.9005067752353415,0.44453826989966233,0.6799356283798812,0.9638142889547319,0.8124646647532203,0.7937127857473674,0.9469647502041109,1.1598025447868285,0.5675046541986921,0.9768400623547371,0.39029636330628004,0.8333976346640233,0.31995636670910166,0.31879162444683307,1.0067579845459589,0.4582397773553538,0.8731139391357058,0.5461395443022741,0.7069228652607176,0.8070963193423362,0.6936418111279941,0.5820556191273597,0.7884133786777073,0.7959134107944881,0.5154139929307697,0.46991671747277336,0.36251968521615274,1.0933724363132864,1.0500159399516418,0.49275134696214545,0.6808134071990528,1.0177951050856207,0.418228658226498,0.7817589974067474,0.4643922451202155,0.7283992456948754,0.5535326858680496,0.8183160670836047,0.7405218774173279,0.9800876005595449,0.951073513539856,0.6564993783905038,0.8924834858328343,0.6479927188570036,0.4532577352389914,0.6980394411934592,0.42184412095232005,1.1328659927968436,0.5477534109675901,0.6165692726284268,0.4607186305785375,0.9071912637379584,0.7909297047322046,0.635943226446292,0.7069551126983368,0.6623095731999649,1.0044696626623653,1.026055676892726
13,0.9834232276474812,1.0121015029997313,0.5607156901035683,0.6702917845980582,1.1317928444640106,0.6845792228309607,1.0757988639089435,0.6919912180857319,1.0223354266430706,0.7862466611404042,0.8780023539951147,0.9602778996660799,1.0456111857001833,1.0907705082221346,1.0896151207657818,1.0417926858170776,0.8726395765857944,1.1469404092001807,1.0620734625594916,1.1457798087898845,1.0774894192287157,1.1082491421704717,1.075777896167654,1.1139067564454317,1.1380647538445572,1.1634088200791863,0.42141107200674255,0.7618991675382801,1.174548761570488,1.14655728099161,1.0910798087759375,0.5843930105983322,0.8009052136793043,0.6222988144123127,1.0967189619709032,0.43142167854428864,1.0005935225457816,0.6242475056431651,1.0130319985540617,0.40121915511701856,0.44293857825993466,0.569510758794171,0.44888558275592105,0.5978931180833644,0.478055706037413,0.6679357015297309,0.5633600796759101,0.8046211389839844,0.6947396165206259,0.5035849762843412,0.7465135863134613,1.2339869231865432,1.0453418378370627,0.8893326872511236,0.425335351924918,0.6812788208420604,0.7579644214377794,0.9436206600861682,0.8513443881403192,1.0805091622655758,0.8089490388714562,0.5969782376088316,0.8549742533965485,0.9351143488228635,0.7695477153325407,0.7028995341357501,0.5207781008625137,0.7957224862300125,0.5004490555665166,0.9015198731664162,0.9160292819711251,0.9977498832678559,1.1256254088791322,0.6558000472568413,0.6175809485024005,1.122162739723317,0.9126568357901411,0.8583601632039637,0.6931927819739051,0.5929884069653256,0.8564860416794944,0.7453899199667438,0.7947450331776722,0.7732111969247888,0.6515563809899846,0.6958162098656648,0.620381512382874,0.4779192980546296,0.5770595293806273,0.4824880695064823,0.4772077221984996,0.6471602134861602,0.7299594587502423,0.7401724121612524,0.8416025687917646,0.4800364761897117,0.4794815195791343,0.5734899935314456,0.7323214291758253,1.078674388502578,0.9525444618764497,0.6707657960322003,0.5945789001008447,0.5354173755874342,0.5913393735732206,0.6732257480611651,0.8068904914962524,0.39107309057819883,0.7022378659620152,0.47309573051442166,1.0623802370199933,0.9286257216819089,1.1754696856201072,0.5382413140970757,0.40158831790453825,1.0003233335566626,0.4001122075372303,1.1426309042213671,0.5868913870730847,0.8519632796903565,0.507631477859549,0.6474058656943747,0.2736427623295046,1.3805106434859096,0.3853719507935768,0.6808599978110587,0.5666629748391148,0.314634740264418,1.1706108161799123,0.629082271295663,0.2749356969251087,0.7911473355435863,0.5221294425303024,1.218570614414344,0.7183402739134834,0.8654850136072259,0.5545010909413242,0.4466180383721916,0.927963330393817,0.7785037636058834,0.5285021636870162,0.6761067194089905,0.6449980348516635,1.0073862174577852,0.5127817255564222,0.3931355490176792,0.9567656773586832,0.4349636026955682,0.9129436025275264,0.589502794224864,1.139834747379429,0.7834656443122456,0.46818079346631336,0.8536478028848715,0.4979498614216652,0.9263839869931978,0.5322760418363381,0.6861698307520643,0.48043491293669727,0.6774694381852179,0.8230294975031578,0.4658576105824892,0.3224325910926926,0.6691930406185672,1.2124875595474949,0.7387863717558021,0.6869070085950018,0.4713732879424646,0.6403896061635348,1.075572915854145,0.9616926680174391,0.7267576324739489,0.7218803148316667,0.7404829540676514,0.9732033585301479,0.47719319492638906,0.3680164892838428,0.691319984725061,0.9902563404798859,0.5019824989039371,0.5171581538524574,0.858303441809555,0.5162944256059527,0.7232539381252121,0.8868246794669965,1.0970816095090603,0.5909596454015109,0.28449201577004274,0.5284907965441066,0.7239337025283143,0.9315519201302855,0.4849989650899589,0.6191864639217333,0.4947300722482294,0.9478856996732345,0.5605885329473999,0.8335596010112102,0.6401862484457306,1.0093785567618059,1.0972056250718272,0.49192557965434913
14,0.7786601632542869,1.0000758228735445,0.5950674472663128,0.5291799618622519,0.6775200806581033,1.120209907329254,0.49444659125445023,1.0582343519047313,0.3010120613308367,0.3455923945816527,0.6201781963364452,0.9457821093926633,0.3622953877383144,0.681402104212895,1.1813368145839183,0.5907318246566486,0.6476936107284024,0.6461952647037834,1.1642960045632786,0.3341630136039865,0.6993254124367575,0.432447083550778,0.795850161546837,0.35759094133163427,0.7649503496583305,0.4754892691946135,0.5098466069197289,0.43080813655536865,0.5619466540880094,0.9608490335517472,0.5763930820383686,0.9510251566731659,0.8467536587465462,0.3390602708339414,0.4443194712643008,0.6519435283261568,0.972538340505769,0.9717998527460618,0.6217804159930544,0.4165807125102514,1.0247519252218753,0.6544042938254689,0.4088633219237023,0.7424106242585362,0.545427038559982,0.37144284219633183,0.4651146917286176,0.5137401924713203,0.9580796658776651,0.43577174890782966,0.9151427756796018,0.3516038293923389,0.9595107062706434,0.45242651445811344,0.9059687723313756,0.6342472385383601,0.2792114698242647,0.961815419422172,0.6978180665167732,1.0162532175828407,0.7647373279325574,0.4239494372036212,0.42710695336495696,0.5507317264555371,0.8623751189231286,0.9416449272370231,1.0798348434817433,0.7890839345867235,0.5513855171975293,0.5768214483745531,0.46299323160338207,1.0292365800828576,0.9751538626660933,0.642169344239272,0.5078564295899971,1.190974304955966,0.5782983000556183,0.6277474529523202,0.38605840193687185,0.4519995880495181,0.609777284749354,0.8455528862574198,0.7389875610788081,0.7331395082348787,0.8535812026723928,0.4241001390015576,0.7840076089341348,0.7585108912265383,0.7004603051596525,0.6490465597281522,0.5700403862891834,0.45149207801759417,0.5250695156084826,0.4462979127647604,0.572469615422289,0.5191771441325854,1.1724693315945227,0.7801978348883643,0.44114872744471956,0.846281772187037,0.8194223442387687,0.440331979904534,0.935928742713603,0.5987078211954131,0.6700723375420297,0.648789764626814,0.6770158818441259,0.6555368671098646,0.8944196218510119,0.992479839694848,1.1794300661289416,1.049701269168932,0.4809006407919795,0.8099971658524634,0.7950173812864496,0.5681444007040465,0.4726110089624872,0.45550256413069845,1.0401165869283808,0.5845570733248483,0.4814049237284746,0.8532599592647766,0.7296351639336824,1.0032591187182462,1.2656411332593662,0.6906072752061216,0.7067780212431647,0.2439444074277008,0.7319846906947958,0.8588420820856806,0.6147695184882842,0.7425262152022316,0.46707839574809185,1.1423471605058069,0.7114264690574325,0.8270942255363126,0.3763505086717388,0.41892254840688087,0.9509656079416382,0.5063021085529715,0.5676729125205006,0.31788247159146127,0.4958682703303655,0.9985537803716491,0.33775246175561396,1.0344124890552089,1.0019917216523264,0.717838546830512,0.4625000406284413,1.1351164244374934,1.181282009164963,0.6983088855219763,0.7439912937014248,0.5094893386974406,0.6001567485704491,1.0360556642584267,0.9238915068978445,0.8274133813368719,0.6149498555168196,0.6668982649995476,0.4180111291310702,0.3904468269148036,0.8035353223002815,0.8311184820795936,0.8123950042975825,0.6382988790028009,0.78052927792681,0.8660679217456838,0.5453613917434316,1.1066304193680216,1.0970050212359936,0.6259196552737641,0.4939424364951565,1.0499266393305764,0.9908822796285797,0.7199803503104656,0.8058428504223346,0.950844295717236,0.8304226582695726,1.0927823973047963,0.4169694701078437,0.4044029636808609,0.6855119570946534,0.7188477729557773,0.4924561816714629,0.6719247419119141,0.6728495309051763,0.8855130082663598,0.9758810042892987,0.5242746448819156,0.292873518550001,0.6644087457248008,0.6448566118495075,0.7568496982378702,0.7838369492502844,0.5258486521011704,0.4082352799547575,0.479994817430761,0.6642818246103703,1.0850998242584753,0.9974354167397477
15,0.4633079324174268,0.6189278164600776,0.4098402705952857,0.808378890130526,1.0011938654096337,0.7227068522994831,0.8780686189960039,1.169148810743867,0.92284325019225,0.48086156194691015,0.37636128077628617,0.5342757248187519,0.895787746497398,1.1428688874843698,1.1033143312063647,0.8924250370707177,0.8357470117064809,0.37035024966502805,1.1734607619488573,0.7297899327823358,0.5942524979275365,0.9480827701575963,0.9973398745038409,0.6434674625239202,0.5643337778188151,1.1114726092037952,0.4090506727097746,0.4755374338319981,1.071154745982866,1.1010349803563293,0.4229432221753624,0.7066361375446386,0.635028464798403,0.542153220965545,0.5056972699548569,0.5284372050424282,1.1192584567556563,0.7416105837726923,0.9585902286161883,0.5265817734388647,0.7857332028246063,0.7251702849957,0.8155557685280197,0.45605567249828716,0.781858261706083,1.1778864077456084,0.6845889810558788,0.6213692360468023,0.8054446366025441,1.1575479570900296,0.8237788204415561,0.887774876015984,0.7148416908440441,1.0473198678697706,0.9215541489891224,0.5439272543738111,1.0883560211481105,0.36604652509618124,0.5474235241862,0.49646428980142887,1.2235564937373509,0.9012699159483889,1.0029994808069107,0.6026931936515172,1.1828607848110186,0.5046395392946912,0.8808216438102672,0.8512758949294039,0.8501472613476259,1.1045993487769965,0.638672533375739,1.0616350917108828,0.9898036149022804,0.39313693042150694,0.5733060427873151,0.9300455735745294,0.9758343525799187,0.7005982581837237,1.0474896415088546,0.3472104073129066,0.6310597476913806,0.5402825842966192,0.9732565393035097,1.0410498145333296,0.7142615142738833,1.1644336320756579,0.9290244541900099,0.5925342629663735,0.600120622926662,1.1549391784543865,0.9939115818920959,0.8562739259085723,0.42155187057297927,0.8161950344585642,0.5561262486801719,0.9647386209940452,0.9432225612140375,1.0474083598579746,0.505091055379655,0.8059536557607455,0.4434899364015919,0.7380599332597572,0.7933701583714019,0.8137754479172461,0.9870152287224969,0.5826456307797059,0.5041171702534728,0.5314886095767689,0.4441195206509083,1.0666254665898849,0.9430062536730713,0.6656751605410552,0.9766675980465507,0.6614672367042418,0.6595190486743876,0.6888419961391008,0.46030277605886427,0.9970949612651987,1.072191101923043,1.0823579640006566,0.7000969031630018,0.40455260753062594,0.3966248753750117,1.1486940109845611,0.7011178418820577,0.7851158017504315,0.8406173344784009,0.7912991210351965,0.8340212297293684,0.4816794228784623,0.49401352799866916,0.6394337502204952,0.9420583067955557,1.05120703033563,0.575181191348233,0.583390501270928,0.66926289472041,0.6000276105343494,1.006561232323918,0.9001640545853141,0.6575428376970567,0.5989625182447762,0.5580049931666039,0.9936682072956209,0.4812426140120649,0.47876482149051247,0.9363831909767235,0.38653764540365143,0.44161751536467764,0.48934666249490466,1.0810490722943982,0.6799262952813391,0.6089278776850087,0.9562077591298899,0.5390496853138015,0.8975025057664914,0.5341479351235693,0.4923418586349918,0.7759161016237784,0.5564530049953043,0.40865893612011484,0.5389487031360481,0.7602926439304014,0.9378633525243327,0.9955488976471822,0.3928918076410476,0.897229872396893,0.9145664813937151,0.6415792520952888,1.0391820445013806,1.1140610095883492,0.4452885698664599,0.8503050473868935,0.5049095154477816,1.1148498877518358,0.3664355925058464,0.3387224028524546,1.0571872004551166,0.6922783495177744,0.43194554685743825,0.6319217477357019,0.6197330605418764,0.9751742137119077,0.5009177023034882,0.5276675816577328,1.0642075710313785,0.6198731589142442,0.7206379052165499,0.5209115493931961,0.6541779474600635,0.9339670123611115,0.6072387954378465,0.7159851943136502,0.5971850494030368,1.0539818934114598,0.5123648831075971,1.1561640615710187,0.6161009873859247,0.4450125840960343,0.9982907586131777,1.0161425465534446
